square_footage,bedrooms,baths,floors,garage,fireplace,central_heating,laundry_hookups,number_doors,front_yard,back_yard,transit_accessible,hardwood_floors,city_center,supermarket_closest_miles,school_closest_miles,Unsold_6_Months
883,2,1,1,0,0,1,1,3,0.78,0.52,1.0,0.49,7.17,3.14,1.97,0
1146,2,1,1,0,0,0,1,3,0.62,0.27,0.94,0.46,7.14,3.68,2.88,0
3233,4,3,2,2,1,1,2,6,0.54,0.89,0.0,0.43,0.91,0.1,0.64,0
1409,2,1,1,1,0,0,1,3,0.42,0.29,0.8,0.06,4.36,2.14,1.46,0
1307,2,1,1,0,0,1,1,3,0.64,0.72,0.65,0.46,4.41,1.19,1.25,0
1381,2,1,2,1,1,0,1,3,0.43,0.5,1.0,0.7,5.76,2.33,1.45,0
1349,2,1,1,0,0,0,1,4,0.32,0.21,0.79,0.22,4.86,2.89,1.88,0
1385,2,1,1,0,0,0,0,3,0.47,0.24,1.0,0.39,5.68,2.99,1.81,0
989,1,1,1,0,1,0,1,3,0.32,0.2,1.0,0.64,7.03,3.21,2.74,0
1782,2,1,1,1,0,0,0,4,0.69,0.29,0.38,0.21,3.73,1.21,0.48,0
1399,2,1,1,0,0,0,1,4,0.36,0.34,0.84,0.51,4.32,3.23,1.97,0
1665,2,1,1,1,0,0,0,3,0.4,0.46,0.69,0.36,4.9,1.31,0.56,0
1127,2,1,1,1,0,1,1,3,0.38,0.37,0.85,0.7,6.84,4.66,3.29,1
2242,3,2,2,1,1,1,1,5,0.79,0.44,0.39,0.39,4.98,3.69,2.24,1
1805,2,1,2,0,1,0,1,4,0.36,0.36,0.63,0.18,5.17,2.45,1.95,0
2065,3,2,1,2,1,1,1,4,0.69,0.77,0.48,0.83,2.88,0.81,0.6,0
1651,3,2,1,2,1,1,1,4,0.86,0.74,0.76,0.69,5.43,3.05,2.07,0
800,1,1,1,0,0,0,0,2,0.21,0.0,1.0,0.59,6.87,2.96,1.71,0
1686,2,1,1,1,0,0,1,4,0.53,0.63,0.91,0.58,6.02,3.76,2.52,1
2421,3,3,2,1,1,1,2,5,1.0,0.98,0.36,1.0,3.88,2.74,1.14,1
2400,4,2,2,2,1,1,2,5,1.0,0.95,0.37,0.91,6.05,3.43,2.79,1
2213,3,2,1,2,1,1,1,5,0.73,0.86,0.37,0.69,4.45,2.87,2.43,0
2530,4,3,2,2,1,1,1,6,0.64,0.93,0.28,1.0,2.54,0.52,0.34,0
1591,3,2,1,1,0,0,1,4,0.51,0.57,0.47,0.52,3.03,0.43,0.1,0
2116,3,2,2,1,0,1,1,5,0.5,0.67,0.27,0.5,5.14,3.81,1.83,1
800,1,1,1,0,1,1,0,2,0.09,0.04,1.0,0.71,6.85,2.92,1.99,0
978,1,1,1,1,0,0,1,3,0.28,0.02,1.0,0.41,5.1,2.28,1.0,0
1737,2,2,1,1,1,1,1,4,1.0,0.78,1.0,0.98,5.85,2.3,1.79,0
2119,3,2,2,1,1,0,1,4,0.64,0.5,0.67,0.56,5.36,3.55,2.62,1
2217,3,2,2,1,1,0,1,5,0.62,0.88,0.53,0.5,2.76,2.14,2.07,0
1164,1,1,1,0,0,0,1,3,0.04,0.0,0.77,0.36,5.48,2.5,1.74,1
2309,3,2,1,2,1,1,1,5,0.8,0.64,0.43,0.64,4.81,2.11,1.63,0
1429,2,1,1,1,0,0,1,3,0.47,0.33,1.0,0.38,6.62,3.09,2.54,0
2246,3,2,2,1,0,0,1,4,0.63,0.71,0.16,0.39,4.01,2.8,2.5,0
1736,2,2,1,1,0,1,1,4,0.34,0.65,0.58,0.66,5.55,2.61,1.99,1
991,1,1,1,0,0,0,0,3,0.0,0.0,0.92,0.0,7.45,2.83,2.1,1
1218,2,1,1,0,1,1,1,3,0.63,0.36,0.62,0.46,5.0,1.35,1.08,0
2532,4,2,2,1,1,1,2,5,0.7,0.95,0.54,0.98,4.49,2.35,2.3,0
2466,3,2,1,1,1,1,2,5,1.0,0.86,0.35,0.68,4.1,2.58,1.53,0
1843,2,2,1,2,1,1,1,4,0.37,0.89,0.6,0.74,5.26,1.25,1.08,0
1844,3,2,1,2,1,1,1,4,0.97,1.0,0.82,1.0,5.43,2.84,2.06,1
1720,2,1,1,1,1,1,1,4,0.68,0.58,1.0,0.66,5.56,2.63,1.71,0
1251,2,1,1,0,0,1,0,3,0.4,0.31,1.0,0.25,5.44,1.79,1.35,0
1475,2,1,1,1,0,0,0,3,0.3,0.18,0.81,0.33,5.71,3.71,1.93,0
1871,3,2,1,2,1,1,1,5,0.83,0.61,0.48,0.93,5.86,3.31,2.8,1
1165,2,1,1,0,0,0,0,3,0.16,0.34,0.88,0.58,6.47,3.8,2.02,0
1902,3,2,2,2,1,1,1,5,0.99,0.73,0.78,0.69,3.57,2.38,1.72,0
2034,3,2,2,1,1,1,1,4,0.46,1.0,0.73,0.51,4.88,2.36,1.28,0
1789,3,1,1,1,0,0,1,4,0.69,0.31,0.54,0.57,5.4,2.9,2.21,1
1488,2,1,1,1,0,0,1,3,0.32,0.01,0.89,0.2,5.19,3.14,1.7,0
1907,3,2,1,1,0,1,1,4,0.74,0.7,0.71,0.75,6.15,3.3,2.09,1
1035,1,1,1,0,0,1,0,3,0.15,0.04,1.0,0.31,6.97,3.62,2.76,0
976,1,1,1,0,0,0,1,2,0.0,0.04,1.0,0.36,6.36,2.48,2.27,0
2922,4,3,2,3,1,1,2,6,1.0,1.0,0.16,0.91,2.09,0.79,0.55,0
1807,2,1,1,1,0,1,1,4,0.63,0.44,0.83,0.39,4.04,1.88,1.48,0
2023,3,1,2,1,1,0,1,5,0.77,0.78,0.35,0.73,6.12,4.3,2.48,1
1991,3,2,1,1,0,0,1,4,0.37,0.19,0.59,0.21,2.28,0.47,0.1,0
1778,3,2,1,1,0,0,0,4,0.15,0.31,0.32,0.47,2.74,0.79,0.26,0
1553,2,1,1,1,0,1,1,4,0.73,0.45,0.85,0.73,5.65,3.51,2.57,0
800,1,1,1,0,0,0,0,3,0.0,0.0,1.0,0.32,7.05,3.57,2.05,0
1944,3,1,1,1,1,1,1,4,0.65,0.69,0.7,0.41,5.86,3.53,2.58,0
1032,1,1,1,0,1,1,0,3,0.0,0.26,0.99,0.33,5.83,2.91,1.71,0
1813,2,1,1,1,0,1,1,3,0.72,0.4,0.88,0.71,5.64,2.63,1.85,0
1647,2,1,1,0,0,0,1,4,0.17,0.34,0.58,0.35,5.27,2.55,1.63,0
2448,3,2,1,1,1,1,1,5,0.51,0.89,0.21,0.56,3.3,1.73,0.76,1
1715,2,2,1,1,0,1,2,4,0.57,0.65,0.78,0.68,4.58,1.81,1.17,0
1588,2,1,1,0,0,1,1,3,0.34,0.31,0.86,0.46,4.33,1.26,0.76,0
3021,4,3,2,2,1,1,2,6,1.0,1.0,0.17,0.75,1.52,0.53,0.4,0
2369,3,2,2,2,1,1,1,5,1.0,0.74,0.31,0.99,3.88,1.63,1.72,1
2020,2,2,1,1,0,0,1,5,0.38,0.38,0.29,0.65,3.91,2.15,1.15,0
2230,3,2,2,2,1,1,1,5,0.69,0.49,0.62,0.51,4.53,2.82,1.97,0
1110,1,1,1,0,0,0,1,3,0.28,0.25,1.0,0.58,6.4,2.4,2.18,0
3255,4,3,2,2,1,1,2,6,1.0,1.0,0.0,0.75,3.44,2.17,2.12,1
2249,3,2,1,2,1,1,1,5,0.81,0.74,0.59,0.63,3.88,2.25,2.13,0
2899,4,3,1,2,1,1,2,6,1.0,1.0,0.02,0.69,4.48,2.78,2.26,1
850,1,1,1,0,0,0,1,2,0.36,0.0,0.91,0.58,7.19,3.76,2.4,0
2189,3,2,2,2,0,1,1,5,1.0,1.0,0.81,0.85,6.22,4.59,3.34,1
3413,5,3,2,3,1,1,2,7,1.0,1.0,0.0,0.83,1.32,1.71,1.47,1
1791,2,2,1,1,0,1,1,4,0.83,0.86,0.8,0.65,7.26,4.02,2.98,1
1988,3,2,2,1,0,1,1,4,0.79,0.66,0.82,0.68,5.4,2.3,2.24,0
2485,3,2,2,2,1,1,2,5,0.91,0.89,0.5,1.0,4.04,2.06,1.29,1
1827,2,2,2,0,0,1,1,4,0.39,0.44,0.47,0.07,2.86,1.42,1.23,0
2529,4,2,1,3,1,1,2,5,0.88,1.0,0.22,0.88,2.59,1.12,1.34,0
902,1,1,1,0,0,0,0,3,0.35,0.07,1.0,0.21,6.72,3.45,2.4,0
1596,3,2,2,1,1,1,1,4,0.89,0.54,0.91,0.47,4.49,3.08,2.34,0
2056,3,2,1,1,1,1,1,5,0.6,0.66,0.49,0.65,4.45,2.31,1.48,1
1419,2,1,1,1,0,0,1,3,0.48,0.19,0.92,0.66,5.2,3.12,2.42,0
1655,2,2,1,1,0,0,1,4,0.27,0.37,0.65,0.46,3.7,0.49,0.35,0
2731,4,3,2,1,0,1,1,6,0.53,0.96,0.01,0.18,0.37,0.1,0.1,0
1497,2,1,1,0,0,0,1,3,0.12,0.19,0.83,0.4,4.67,1.9,1.81,0
2559,3,2,2,2,1,1,1,5,0.91,0.97,0.31,0.55,2.94,2.59,1.41,1
1181,2,1,1,0,0,0,0,3,0.25,0.23,1.0,0.79,6.81,3.23,1.97,0
2712,4,3,1,2,1,1,1,6,1.0,0.89,0.0,0.72,2.99,1.2,0.28,0
914,1,1,1,0,0,0,0,3,0.04,0.0,0.88,0.2,7.45,3.85,2.71,0
2093,3,2,1,1,0,0,1,5,0.48,0.4,0.27,0.07,2.85,0.39,0.55,0
800,1,1,1,0,0,0,0,2,0.0,0.18,1.0,0.22,7.22,3.35,2.03,0
981,1,1,1,0,0,0,0,3,0.36,0.21,1.0,0.21,6.36,2.5,1.41,0
1940,3,2,1,1,1,1,1,4,0.6,0.41,0.77,0.24,4.3,1.99,0.73,0
2332,3,2,1,2,1,1,1,5,0.88,1.0,0.85,0.71,6.22,4.15,2.67,1
1029,1,1,1,0,0,0,1,3,0.12,0.13,0.96,0.35,6.21,3.27,2.53,0
800,1,1,1,0,0,1,0,2,0.13,0.34,1.0,0.52,5.69,0.91,0.88,0
1417,2,1,1,0,0,0,1,3,0.27,0.39,0.96,0.31,5.41,2.83,1.91,0
800,1,1,1,0,0,0,1,2,0.13,0.0,1.0,0.46,8.38,3.25,1.76,0
1598,2,1,2,1,0,0,1,3,0.36,0.59,0.72,0.55,3.54,0.66,0.43,0
800,1,1,1,0,0,1,1,2,0.25,0.19,1.0,0.43,8.43,4.21,3.19,0
1255,2,1,1,1,0,0,1,3,0.33,0.45,1.0,0.4,6.77,4.07,3.85,0
2130,3,1,2,1,1,0,1,5,0.29,0.22,0.31,0.65,4.79,2.2,2.41,0
1666,2,1,2,0,0,0,1,4,0.24,0.22,0.51,0.61,5.16,2.18,1.79,0
1331,2,1,1,1,1,1,1,3,0.48,0.41,0.95,0.78,7.2,3.97,3.01,1
1584,2,1,1,0,0,0,1,3,0.42,0.59,1.0,0.69,5.32,2.77,1.04,0
2397,3,3,1,1,0,1,2,5,0.73,0.48,0.46,0.43,3.23,1.79,1.41,0
2026,3,2,1,1,1,1,1,4,0.51,0.51,0.53,0.72,4.68,2.82,2.25,1
1913,3,2,1,2,0,1,1,4,0.31,0.68,0.78,0.75,4.65,2.33,2.4,0
1872,2,2,1,1,1,1,1,4,0.55,0.85,0.56,0.91,5.95,2.77,2.65,0
1076,1,1,1,0,0,1,1,3,0.3,0.4,0.84,0.68,6.37,1.79,1.73,0
2530,4,2,1,2,1,1,1,6,0.51,0.88,0.13,0.66,4.4,2.11,2.29,1
2143,3,2,2,1,1,0,1,5,0.36,0.44,0.29,0.32,4.35,2.82,1.91,1
1811,3,1,2,1,0,0,1,4,0.63,0.73,0.64,0.52,6.99,4.66,3.08,1
1247,2,1,1,0,0,0,1,3,0.48,0.32,0.8,0.46,4.62,1.83,1.45,0
1836,3,1,2,1,0,0,1,5,0.35,0.25,0.26,0.17,4.01,2.29,1.53,0
2130,4,2,2,1,0,1,1,5,0.67,0.79,0.33,0.74,3.82,2.19,0.61,0
2270,3,2,1,2,1,0,1,5,0.74,0.69,0.24,0.29,4.06,2.89,1.97,1
3021,4,3,2,2,1,0,2,6,0.79,0.75,0.0,0.46,1.87,1.99,1.45,1
1726,2,1,1,1,1,1,1,4,0.11,0.53,0.68,0.81,4.77,2.58,1.87,1
1487,2,1,1,0,1,1,0,4,0.58,0.37,0.77,0.46,5.36,2.95,2.63,0
1496,2,1,1,1,0,0,1,4,0.16,0.25,0.53,0.13,3.38,1.29,1.44,0
2151,3,2,1,1,1,1,1,5,0.85,0.86,0.26,0.82,3.01,1.1,1.22,1
1654,2,1,1,0,0,0,1,4,0.62,0.24,0.78,0.32,5.78,3.42,2.48,0
1569,2,1,1,1,0,1,1,3,0.57,0.64,0.9,0.64,4.57,1.56,0.97,0
2313,3,2,2,2,1,1,1,5,0.75,0.71,0.4,0.66,3.22,2.5,0.92,0
1638,3,1,2,1,0,1,1,4,0.36,0.74,0.96,0.51,5.51,2.9,2.24,0
1756,3,2,1,1,1,0,1,4,0.46,0.46,0.59,0.57,5.78,4.33,2.83,0
800,1,1,1,0,0,0,1,2,0.31,0.28,1.0,0.68,6.55,3.39,2.37,0
1917,2,2,2,1,1,1,1,4,0.58,0.68,0.47,0.44,5.87,3.75,2.44,1
2098,3,2,1,2,1,1,1,5,0.97,0.73,0.58,0.75,3.52,1.04,0.61,0
2713,4,2,2,1,0,0,1,6,0.56,0.94,0.0,0.25,3.16,3.09,1.95,1
2316,3,2,2,1,0,1,1,5,0.55,0.74,0.24,0.29,4.95,3.09,2.47,1
1524,3,1,1,1,1,0,1,4,0.54,0.36,0.67,0.44,4.53,2.25,1.09,0
1701,3,2,1,1,1,1,2,4,0.78,0.76,0.74,0.94,4.93,2.03,1.44,1
1684,3,2,1,1,0,1,1,4,0.62,0.52,0.8,0.54,4.18,1.84,1.07,1
2403,3,1,2,1,1,0,1,5,0.18,0.62,0.19,0.0,3.63,2.36,1.72,1
1703,2,1,1,0,0,1,1,4,0.67,0.54,0.7,0.59,6.15,4.1,2.85,0
3020,4,3,2,2,1,1,2,6,1.0,1.0,0.02,0.82,2.63,2.0,0.61,0
1847,3,2,1,1,0,1,1,4,0.76,1.0,0.68,0.84,3.95,1.47,1.04,0
2193,3,2,2,1,0,1,1,5,0.96,0.89,0.55,0.55,5.67,2.57,1.83,0
2265,3,2,2,2,1,1,1,5,0.82,1.0,0.46,0.93,3.39,1.22,1.15,0
1718,2,1,1,1,1,1,1,4,0.6,0.61,0.47,0.86,4.43,2.16,1.51,0
1925,2,2,1,1,0,0,1,4,0.23,0.34,0.5,0.29,5.31,3.53,2.62,1
1751,2,2,1,1,0,1,1,4,0.5,0.44,0.74,0.52,5.38,2.33,1.89,1
1563,2,1,1,1,1,1,1,4,0.58,0.47,0.94,0.57,6.45,3.48,2.04,0
2862,4,3,2,2,1,1,2,6,1.0,1.0,0.0,1.0,3.2,1.89,1.08,1
1820,2,2,1,1,0,0,1,4,0.51,0.27,0.82,0.1,6.06,4.26,2.05,0
2119,3,2,2,2,1,1,1,4,0.77,0.51,0.45,0.85,3.91,2.17,2.05,0
1438,2,1,2,0,0,0,1,4,0.0,0.27,0.65,0.11,4.69,1.93,1.47,0
2648,4,2,1,2,1,1,1,6,0.71,0.92,0.17,0.77,2.75,1.57,1.12,0
2398,4,2,1,2,1,0,1,5,0.45,0.85,0.14,0.55,2.45,1.26,0.71,1
2205,3,1,2,1,1,1,1,4,0.72,0.73,0.55,0.66,4.97,3.75,2.17,1
816,1,1,1,0,0,0,1,2,0.17,0.0,1.0,0.19,7.21,3.46,2.7,0
1331,2,1,1,1,0,1,1,3,0.53,0.72,1.0,0.93,7.9,4.3,2.65,1
1110,2,1,1,0,0,0,0,3,0.36,0.19,0.84,0.21,5.94,3.12,2.09,0
1785,2,1,1,0,0,0,1,4,0.35,0.7,0.74,0.0,6.61,3.75,3.0,0
800,1,1,1,0,0,0,0,2,0.0,0.0,1.0,0.08,6.82,3.21,2.14,0
1935,3,2,2,1,1,0,1,4,0.56,0.78,0.39,0.35,3.67,1.25,1.32,1
2492,3,2,2,1,0,0,1,5,0.61,0.77,0.23,0.48,2.24,1.03,1.17,0
1943,3,2,1,1,1,0,1,4,0.07,0.07,0.78,0.19,4.52,1.34,1.42,0
1554,2,1,1,1,0,1,1,4,0.41,0.44,0.7,0.47,5.18,2.97,1.92,0
1673,2,1,1,1,1,1,1,4,0.62,0.12,0.84,0.64,6.89,3.88,2.89,1
2141,3,1,2,1,0,0,1,4,0.5,0.44,0.51,0.69,4.84,1.53,1.93,0
2256,3,1,2,1,1,1,1,5,0.76,0.69,0.32,0.28,4.51,2.77,1.67,1
1380,1,1,1,1,1,1,1,3,0.17,0.37,0.91,0.47,5.52,2.61,1.61,0
2368,3,2,1,2,1,1,1,5,1.0,0.99,0.65,0.94,7.19,4.54,3.96,1
1986,2,2,2,1,0,0,1,5,0.68,0.69,0.42,0.43,3.98,2.11,2.3,0
1277,2,1,1,0,0,0,0,3,0.2,0.11,0.94,0.57,6.07,2.9,1.91,0
2703,4,2,2,2,0,1,1,6,0.59,0.61,0.12,0.38,3.61,1.33,1.83,0
1278,2,1,1,0,0,1,1,3,0.4,0.19,0.83,0.48,6.0,2.96,1.76,0
1779,3,2,1,1,1,1,1,4,0.91,0.7,0.75,0.91,4.68,2.86,1.46,0
1253,2,1,1,1,1,1,1,3,0.6,0.44,0.91,0.87,5.53,2.34,1.72,0
1047,2,1,1,0,0,0,1,3,0.21,0.09,0.96,0.28,6.2,2.69,2.26,0
2413,4,2,1,1,1,0,1,5,0.67,0.64,0.33,0.35,3.83,2.53,1.4,1
2620,4,2,2,1,0,0,1,5,0.62,0.51,0.45,0.12,3.19,2.54,2.02,1
1092,1,1,1,0,1,1,1,3,0.53,0.54,1.0,0.64,8.04,4.35,3.65,1
1198,2,1,1,1,1,1,1,3,0.73,0.77,1.0,0.73,7.67,5.16,3.47,1
1888,2,2,1,1,1,1,1,4,0.79,0.83,0.81,0.73,5.73,3.9,3.12,1
1551,2,1,1,1,0,0,1,3,0.57,0.2,0.77,0.56,6.84,4.47,2.64,1
1156,2,1,1,0,0,1,1,3,0.44,0.34,1.0,0.47,7.19,3.17,2.37,0
2124,3,2,2,1,0,0,1,5,0.47,0.61,0.31,0.44,4.26,1.55,1.2,1
1044,1,1,1,0,0,0,1,3,0.25,0.0,1.0,0.29,6.45,3.3,1.83,0
1877,3,2,1,1,1,1,1,4,0.73,0.76,0.76,0.6,4.71,2.63,2.03,0
1986,3,1,1,1,1,1,1,4,0.77,0.6,0.67,0.5,5.52,2.63,1.96,0
2030,2,2,1,1,1,1,1,4,0.57,0.67,0.69,0.87,5.38,3.33,2.39,1
1929,2,1,1,0,0,1,1,4,0.68,0.61,0.6,0.41,4.47,2.29,1.85,1
1520,2,1,1,0,0,1,0,4,0.32,0.06,0.63,0.12,4.34,2.45,1.36,0
1649,2,1,1,1,1,0,1,4,0.25,0.42,0.52,0.38,5.66,2.38,1.79,0
837,1,1,1,0,0,0,1,3,0.37,0.17,1.0,0.48,6.19,2.93,2.79,0
1047,1,1,1,1,0,0,0,3,0.18,0.4,0.98,0.44,6.5,3.06,2.39,0
1343,2,1,1,1,1,1,2,4,1.0,0.86,1.0,1.0,6.06,2.48,1.72,0
2003,3,1,1,2,0,1,1,4,0.75,0.33,0.47,0.66,4.6,1.67,0.94,0
1582,2,1,1,0,0,0,1,4,0.52,0.38,0.86,0.61,6.61,3.8,2.26,0
1905,3,2,2,1,1,1,1,4,0.89,0.54,0.8,0.69,4.12,1.54,0.88,0
1404,2,1,1,1,0,0,1,3,0.49,0.44,0.94,0.51,6.63,3.58,2.21,0
